{"cameraMode":{"drawMode":0,"name":"Shaded","section":"Shading Mode"},"sceneLighting":false,"audioPlay":false,"sceneViewState":{"m_AlwaysRefresh":false,"showFog":true,"showSkybox":false,"showFlares":true,"showImageEffects":true,"showParticleSystems":true,"showVisualEffectGraphs":true,"m_FxEnabled":true},"in2DMode":false,"pivot":{"x":5.596203327178955,"y":1.491520643234253,"z":5.864187717437744},"rotation":{"x":0.028436999768018724,"y":0.9707615971565247,"z":-0.18870463967323304,"w":0.14611688256263734},"size":0.2345883548259735,"orthographic":false}