{"cameraMode":{"drawMode":0,"name":"Shaded","section":"Shading Mode"},"sceneLighting":true,"audioPlay":false,"sceneViewState":{"m_AlwaysRefresh":false,"showFog":true,"showSkybox":true,"showFlares":true,"showImageEffects":true,"showParticleSystems":true,"showVisualEffectGraphs":true,"m_FxEnabled":true},"in2DMode":false,"pivot":{"x":11.400010108947754,"y":1.1891570091247559,"z":-5.503730773925781},"rotation":{"x":0.007221211213618517,"y":0.9846324324607849,"z":-0.16942238807678224,"w":0.04198351129889488},"size":1.3131064176559449,"orthographic":false}