{"cameraMode":{"drawMode":0,"name":"Shaded","section":"Shading Mode"},"sceneLighting":false,"audioPlay":false,"sceneViewState":{"m_AlwaysRefresh":false,"showFog":true,"showSkybox":false,"showFlares":true,"showImageEffects":true,"showParticleSystems":true,"showVisualEffectGraphs":true,"m_FxEnabled":true},"in2DMode":false,"pivot":{"x":11.926926612854004,"y":1.197417974472046,"z":-4.291654109954834},"rotation":{"x":0.0015414247754961253,"y":-0.9530355334281921,"z":-0.005808214657008648,"w":-0.3035980761051178},"size":1.530885100364685,"orthographic":true}