{"cameraMode":{"drawMode":0,"name":"Shaded","section":"Shading Mode"},"sceneLighting":false,"audioPlay":false,"sceneViewState":{"m_AlwaysRefresh":false,"showFog":false,"showSkybox":false,"showFlares":false,"showImageEffects":false,"showParticleSystems":false,"showVisualEffectGraphs":true,"m_FxEnabled":true},"in2DMode":false,"pivot":{"x":1.8882397413253785,"y":-1.3714696168899537,"z":-10.405431747436524},"rotation":{"x":0.006283948197960854,"y":0.9937220215797424,"z":-0.07856579124927521,"w":0.07946415990591049},"size":6.162660121917725,"orthographic":false}