{"cameraMode":{"drawMode":0,"name":"Shaded","section":"Shading Mode"},"sceneLighting":false,"audioPlay":false,"sceneViewState":{"m_AlwaysRefresh":false,"showFog":false,"showSkybox":false,"showFlares":false,"showImageEffects":false,"showParticleSystems":false,"showVisualEffectGraphs":true,"m_FxEnabled":true},"in2DMode":false,"pivot":{"x":-0.2301100492477417,"y":1.3716392517089844,"z":0.12386069446802139},"rotation":{"x":0.047926925122737887,"y":-0.952155590057373,"z":0.20741374790668488,"w":0.21971052885055543},"size":1.506752371788025,"orthographic":false}