{"cameraMode":{"drawMode":0,"name":"Shaded","section":"Shading Mode"},"sceneLighting":false,"audioPlay":false,"sceneViewState":{"m_AlwaysRefresh":false,"showFog":false,"showSkybox":false,"showFlares":false,"showImageEffects":false,"showParticleSystems":false,"showVisualEffectGraphs":true,"m_FxEnabled":true},"in2DMode":false,"pivot":{"x":0.04865032061934471,"y":0.14535875618457795,"z":-0.3846062123775482},"rotation":{"x":-0.028060950338840486,"y":-0.940665066242218,"z":0.32852035760879519,"w":-0.08034165948629379},"size":0.8634546995162964,"orthographic":false}