{"cameraMode":{"drawMode":0,"name":"Shaded","section":"Shading Mode"},"sceneLighting":false,"audioPlay":false,"sceneViewState":{"m_AlwaysRefresh":false,"showFog":false,"showSkybox":false,"showFlares":false,"showImageEffects":false,"showParticleSystems":false,"showVisualEffectGraphs":true,"m_FxEnabled":true},"in2DMode":false,"pivot":{"x":-0.041639555245637897,"y":1.2058558464050294,"z":-0.07208094745874405},"rotation":{"x":-0.001693994039669633,"y":-0.9916328191757202,"z":0.12863506376743318,"w":-0.01309324149042368},"size":1.3154492378234864,"orthographic":false}